fid,DN
"1,""4"""
"2,""3"""
"3,""3"""
"4,""4"""
"5,""4"""
"6,""2"""
"7,""3"""
"8,""4"""
"9,""2"""
"10,""2"""
"11,""3"""
"12,""4"""
"13,""2"""
"14,""4"""
"15,""2"""
"16,""2"""
"17,""3"""
"18,""2"""
"19,""4"""
"20,""3"""
"21,""2"""
"22,""4"""
"23,""3"""
"24,""3"""
"25,""2"""
"26,""3"""
"27,""4"""
"28,""3"""
"29,""2"""
"30,""4"""
"31,""2"""
"32,""3"""
"33,""3"""
"34,""4"""
"35,""2"""
"36,""3"""
"37,""2"""
"38,""4"""
"39,""2"""
"40,""2"""
"41,""3"""
"42,""4"""
"43,""4"""
"44,""4"""
"45,""3"""
"46,""3"""
"47,""2"""
"48,""3"""
"49,""2"""
"50,""4"""
"51,""2"""
"52,""2"""
"53,""4"""
"54,""4"""
"55,""2"""
"56,""3"""
"57,""2"""
"58,""2"""
"59,""2"""
"60,""4"""
"61,""3"""
"62,""3"""
"63,""2"""
"64,""3"""
"65,""3"""
"66,""3"""
"67,""2"""
"68,""4"""
"69,""2"""
"70,""4"""
"71,""4"""
"72,""2"""
"73,""3"""
"74,""4"""
"75,""4"""
"76,""4"""
"77,""3"""
"78,""3"""
"79,""3"""
"80,""3"""
"81,""4"""
"82,""3"""
"83,""2"""
"84,""4"""
"85,""2"""
"86,""2"""
"87,""2"""
"88,""3"""
"89,""3"""
"90,""2"""
"91,""2"""
"92,""3"""
"93,""4"""
"94,""4"""
"95,""3"""
"96,""3"""
"97,""3"""
"98,""3"""
"99,""2"""
"100,""2"""
"101,""2"""
"102,""2"""
"103,""2"""
"104,""4"""
"105,""2"""
"106,""4"""
"107,""4"""
"108,""3"""
"109,""3"""
"110,""2"""
"111,""4"""
"112,""3"""
"113,""2"""
"114,""4"""
"115,""4"""
"116,""3"""
"117,""4"""
"118,""2"""
"119,""2"""
"120,""2"""
"121,""2"""
"122,""3"""
"123,""3"""
"124,""4"""
"125,""2"""
"126,""2"""
"127,""2"""
"128,""4"""
"129,""4"""
"130,""3"""
"131,""2"""
"132,""3"""
"133,""4"""
"134,""2"""
"135,""4"""
"136,""4"""
"137,""4"""
"138,""3"""
"139,""3"""
"140,""3"""
"141,""4"""
"142,""2"""
"143,""4"""
"144,""3"""
"145,""2"""
"146,""2"""
"147,""2"""
"148,""3"""
"149,""4"""
"150,""2"""
"151,""3"""
"152,""4"""
"153,""2"""
"154,""3"""
"155,""2"""
"156,""2"""
"157,""4"""
"158,""2"""
"159,""3"""
"160,""4"""
"161,""2"""
"162,""3"""
"163,""2"""
"164,""4"""
"165,""2"""
"166,""3"""
"167,""2"""
"168,""3"""
"169,""3"""
"170,""4"""
"171,""3"""
"172,""2"""
"173,""2"""
"174,""4"""
"175,""4"""
"176,""3"""
"177,""2"""
"178,""4"""
"179,""2"""
"180,""2"""
"181,""3"""
"182,""2"""
"183,""3"""
"184,""3"""
"185,""4"""
"186,""4"""
"187,""4"""
"188,""4"""
"189,""2"""
"190,""2"""
"191,""3"""
"192,""4"""
"193,""3"""
"194,""2"""
"195,""3"""
"196,""2"""
"197,""4"""
"198,""3"""
"199,""3"""
"200,""2"""
"201,""2"""
"202,""4"""
"203,""2"""
"204,""4"""
"205,""4"""
"206,""2"""
"207,""3"""
"208,""3"""
"209,""3"""
"210,""2"""
"211,""2"""
"212,""4"""
"213,""4"""
"214,""3"""
"215,""3"""
"216,""2"""
"217,""2"""
"218,""2"""
"219,""2"""
"220,""4"""
"221,""4"""
"222,""4"""
"223,""4"""
"224,""2"""
"225,""2"""
"226,""2"""
"227,""2"""
"228,""2"""
"229,""2"""
"230,""2"""
"231,""3"""
"232,""2"""
"233,""3"""
"234,""2"""
"235,""2"""
"236,""2"""
"237,""4"""
"238,""2"""
"239,""3"""
"240,""2"""
"241,""2"""
"242,""3"""
"243,""3"""
"244,""2"""
"245,""3"""
"246,""2"""
"247,""4"""
"248,""3"""
"249,""3"""
"250,""2"""
"251,""2"""
"252,""3"""
"253,""4"""
"254,""2"""
"255,""4"""
"256,""4"""
"257,""2"""
"258,""2"""
"259,""3"""
"260,""3"""
"261,""4"""
"262,""2"""
"263,""4"""
"264,""2"""
"265,""3"""
"266,""3"""
"267,""2"""
"268,""2"""
"269,""3"""
"270,""2"""
"271,""2"""
"272,""4"""
"273,""4"""
"274,""4"""
"275,""3"""
"276,""3"""
"277,""3"""
"278,""2"""
"279,""4"""
"280,""3"""
"281,""4"""
"282,""3"""
"283,""3"""
"284,""2"""
"285,""3"""
"286,""4"""
"287,""3"""
"288,""4"""
"289,""3"""
"290,""2"""
"291,""2"""
"292,""2"""
"293,""2"""
"294,""2"""
"295,""4"""
"296,""2"""
"297,""2"""
"298,""3"""
"299,""4"""
"300,""3"""
"301,""2"""
"302,""2"""
"303,""4"""
"304,""2"""
"305,""4"""
"306,""2"""
"307,""4"""
"308,""2"""
"309,""3"""
"310,""3"""
"311,""2"""
"312,""3"""
"313,""3"""
"314,""4"""
"315,""3"""
"316,""2"""
"317,""4"""
"318,""3"""
"319,""3"""
"320,""2"""
"321,""3"""
"322,""2"""
"323,""3"""
"324,""4"""
"325,""3"""
"326,""2"""
"327,""3"""
"328,""4"""
"329,""2"""
"330,""4"""
"331,""2"""
"332,""4"""
"333,""2"""
"334,""3"""
"335,""3"""
"336,""4"""
"337,""3"""
"338,""2"""
"339,""2"""
"340,""4"""
"341,""3"""
"342,""3"""
"343,""3"""
"344,""4"""
"345,""2"""
"346,""4"""
"347,""3"""
"348,""3"""
"349,""2"""
"350,""4"""
"351,""4"""
"352,""2"""
"353,""4"""
"354,""2"""
"355,""4"""
"356,""4"""
"357,""3"""
"358,""4"""
"359,""4"""
"360,""2"""
"361,""2"""
"362,""2"""
"363,""2"""
"364,""2"""
"365,""2"""
"366,""2"""
"367,""2"""
"368,""2"""
"369,""2"""
"370,""3"""
"371,""2"""
"372,""3"""
"373,""2"""
"374,""4"""
"375,""4"""
"376,""2"""
"377,""2"""
"378,""3"""
"379,""3"""
"380,""3"""
"381,""2"""
"382,""2"""
"383,""3"""
"384,""3"""
"385,""4"""
"386,""4"""
"387,""3"""
"388,""4"""
"389,""3"""
"390,""2"""
"391,""2"""
"392,""2"""
"393,""4"""
"394,""2"""
"395,""2"""
"396,""3"""
"397,""3"""
"398,""2"""
"399,""2"""
"400,""4"""
"401,""2"""
"402,""4"""
"403,""3"""
"404,""3"""
"405,""4"""
"406,""3"""
"407,""3"""
"408,""4"""
"409,""2"""
"410,""4"""
"411,""3"""
"412,""4"""
"413,""3"""
"414,""3"""
"415,""2"""
"416,""4"""
"417,""4"""
"418,""2"""
"419,""2"""
"420,""4"""
"421,""2"""
"422,""4"""
"423,""2"""
"424,""3"""
"425,""2"""
"426,""2"""
"427,""2"""
"428,""2"""
"429,""3"""
"430,""3"""
"431,""2"""
"432,""4"""
"433,""2"""
"434,""3"""
"435,""3"""
"436,""3"""
"437,""2"""
"438,""4"""
"439,""2"""
"440,""3"""
"441,""2"""
"442,""2"""
"443,""2"""
"444,""2"""
"445,""4"""
"446,""3"""
"447,""2"""
"448,""2"""
"449,""3"""
"450,""2"""
"451,""2"""
"452,""2"""
"453,""3"""
"454,""2"""
"455,""4"""
"456,""3"""
"457,""4"""
"458,""3"""
"459,""2"""
"460,""2"""
"461,""2"""
"462,""3"""
"463,""4"""
"464,""2"""
"465,""3"""
"466,""4"""
"467,""3"""
"468,""3"""
"469,""2"""
"470,""4"""
"471,""4"""
"472,""2"""
"473,""3"""
"474,""2"""
"475,""2"""
"476,""2"""
"477,""2"""
"478,""4"""
"479,""3"""
"480,""2"""
"481,""3"""
"482,""2"""
"483,""4"""
"484,""3"""
"485,""4"""
"486,""4"""
"487,""2"""
"488,""3"""
"489,""3"""
"490,""4"""
"491,""4"""
"492,""2"""
"493,""2"""
"494,""2"""
"495,""3"""
"496,""2"""
"497,""3"""
"498,""2"""
"499,""4"""
"500,""3"""
"501,""2"""
"502,""4"""
"503,""4"""
"504,""3"""
"505,""3"""
"506,""2"""
"507,""3"""
"508,""3"""
"509,""3"""
"510,""4"""
"511,""4"""
"512,""2"""
"513,""3"""
"514,""4"""
"515,""4"""
"516,""3"""
"517,""4"""
"518,""4"""
"519,""4"""
"520,""4"""
"521,""4"""
"522,""4"""
"523,""3"""
"524,""2"""
"525,""3"""
"526,""2"""
"527,""2"""
"528,""4"""
"529,""3"""
"530,""2"""
"531,""4"""
"532,""4"""
"533,""2"""
"534,""2"""
"535,""4"""
"536,""2"""
"537,""2"""
"538,""3"""
"539,""4"""
"540,""2"""
"541,""2"""
"542,""3"""
"543,""3"""
"544,""2"""
"545,""3"""
"546,""4"""
"547,""2"""
"548,""2"""
"549,""2"""
"550,""3"""
"551,""3"""
"552,""2"""
"553,""4"""
"554,""4"""
"555,""2"""
"556,""2"""
"557,""2"""
"558,""3"""
"559,""4"""
"560,""2"""
"561,""3"""
"562,""2"""
"563,""2"""
"564,""2"""
"565,""3"""
"566,""2"""
"567,""4"""
"568,""4"""
"569,""4"""
"570,""2"""
"571,""2"""
"572,""2"""
"573,""2"""
"574,""3"""
"575,""3"""
"576,""3"""
"577,""2"""
"578,""3"""
"579,""4"""
"580,""3"""
"581,""2"""
"582,""3"""
"583,""3"""
"584,""4"""
"585,""2"""
"586,""4"""
"587,""4"""
"588,""4"""
"589,""4"""
"590,""4"""
"591,""2"""
"592,""4"""
"593,""3"""
"594,""3"""
"595,""2"""
"596,""4"""
"597,""2"""
"598,""2"""
"599,""2"""
"600,""2"""
"601,""4"""
"602,""2"""
"603,""3"""
"604,""3"""
"605,""4"""
"606,""3"""
"607,""4"""
"608,""2"""
"609,""2"""
"610,""2"""
"611,""3"""
"612,""3"""
"613,""4"""
"614,""3"""
"615,""2"""
"616,""2"""
"617,""4"""
"618,""2"""
"619,""3"""
"620,""4"""
"621,""3"""
"622,""3"""
"623,""2"""
"624,""3"""
"625,""3"""
"626,""4"""
"627,""4"""
"628,""2"""
"629,""4"""
"630,""2"""
"631,""2"""
"632,""2"""
"633,""2"""
"634,""4"""
"635,""4"""
"636,""3"""
"637,""2"""
"638,""2"""
"639,""2"""
"640,""2"""
"641,""4"""
"642,""3"""
"643,""4"""
"644,""3"""
"645,""3"""
"646,""2"""
"647,""3"""
"648,""4"""
"649,""3"""
"650,""2"""
"651,""4"""
"652,""3"""
"653,""2"""
"654,""2"""
"655,""2"""
"656,""3"""
"657,""3"""
"658,""2"""
"659,""2"""
"660,""3"""
"661,""3"""
"662,""2"""
"663,""2"""
"664,""2"""
"665,""4"""
"666,""2"""
"667,""4"""
"668,""2"""
"669,""2"""
"670,""4"""
"671,""3"""
"672,""4"""
"673,""2"""
"674,""3"""
"675,""3"""
"676,""2"""
"677,""4"""
"678,""2"""
"679,""4"""
"680,""3"""
"681,""4"""
"682,""2"""
"683,""3"""
"684,""2"""
"685,""4"""
"686,""2"""
"687,""2"""
"688,""4"""
"689,""3"""
"690,""3"""
"691,""2"""
"692,""3"""
"693,""2"""
"694,""3"""
"695,""3"""
"696,""3"""
"697,""3"""
"698,""3"""
"699,""2"""
"700,""2"""
"701,""2"""
"702,""3"""
"703,""4"""
"704,""2"""
"705,""4"""
"706,""4"""
"707,""4"""
"708,""3"""
"709,""2"""
"710,""2"""
"711,""2"""
"712,""2"""
"713,""2"""
"714,""2"""
"715,""4"""
"716,""2"""
"717,""4"""
"718,""3"""
"719,""2"""
"720,""2"""
"721,""3"""
"722,""3"""
"723,""2"""
"724,""4"""
"725,""2"""
"726,""2"""
"727,""2"""
"728,""3"""
"729,""3"""
"730,""4"""
"731,""3"""
"732,""3"""
"733,""2"""
"734,""4"""
"735,""2"""
"736,""4"""
"737,""3"""
"738,""3"""
"739,""3"""
"740,""2"""
"741,""2"""
"742,""3"""
"743,""2"""
"744,""3"""
"745,""2"""
"746,""4"""
"747,""4"""
"748,""4"""
"749,""2"""
"750,""4"""
"751,""3"""
"752,""3"""
"753,""2"""
"754,""3"""
"755,""2"""
"756,""2"""
"757,""2"""
"758,""2"""
"759,""3"""
"760,""4"""
"761,""4"""
"762,""3"""
"763,""2"""
"764,""2"""
"765,""4"""
"766,""3"""
"767,""2"""
"768,""2"""
"769,""2"""
"770,""3"""
"771,""2"""
"772,""3"""
"773,""3"""
"774,""2"""
"775,""4"""
"776,""3"""
"777,""2"""
"778,""2"""
"779,""2"""
"780,""2"""
"781,""4"""
"782,""2"""
"783,""4"""
"784,""4"""
"785,""3"""
"786,""2"""
"787,""4"""
"788,""3"""
"789,""2"""
"790,""3"""
"791,""3"""
"792,""2"""
"793,""4"""
"794,""2"""
"795,""2"""
"796,""2"""
"797,""2"""
"798,""2"""
"799,""3"""
"800,""2"""
"801,""3"""
"802,""4"""
"803,""2"""
"804,""2"""
"805,""4"""
"806,""4"""
"807,""4"""
"808,""2"""
"809,""3"""
"810,""4"""
"811,""2"""
"812,""4"""
"813,""2"""
"814,""4"""
"815,""3"""
"816,""4"""
"817,""3"""
"818,""2"""
"819,""3"""
"820,""2"""
"821,""2"""
"822,""2"""
"823,""2"""
"824,""2"""
"825,""4"""
"826,""4"""
"827,""2"""
"828,""2"""
"829,""3"""
"830,""2"""
"831,""3"""
"832,""3"""
"833,""2"""
"834,""4"""
"835,""2"""
"836,""3"""
"837,""3"""
"838,""2"""
"839,""2"""
"840,""2"""
"841,""2"""
"842,""3"""
"843,""2"""
"844,""3"""
"845,""3"""
"846,""3"""
"847,""4"""
"848,""3"""
"849,""3"""
"850,""2"""
"851,""2"""
"852,""2"""
"853,""4"""
"854,""4"""
"855,""2"""
"856,""4"""
"857,""3"""
"858,""2"""
"859,""3"""
"860,""4"""
"861,""4"""
"862,""2"""
"863,""2"""
"864,""2"""
"865,""3"""
"866,""3"""
"867,""4"""
"868,""4"""
"869,""3"""
"870,""2"""
"871,""2"""
"872,""4"""
"873,""2"""
"874,""3"""
"875,""2"""
"876,""3"""
"877,""2"""
"878,""3"""
"879,""3"""
"880,""2"""
"881,""4"""
"882,""2"""
"883,""3"""
"884,""2"""
"885,""2"""
"886,""2"""
"887,""2"""
"888,""2"""
"889,""3"""
"890,""4"""
"891,""3"""
"892,""3"""
"893,""2"""
"894,""2"""
"895,""3"""
"896,""3"""
"897,""2"""
"898,""2"""
"899,""2"""
"900,""4"""
"901,""3"""
"902,""4"""
"903,""3"""
"904,""3"""
"905,""2"""
"906,""3"""
"907,""2"""
"908,""2"""
"909,""3"""
"910,""3"""
"911,""3"""
"912,""2"""
"913,""2"""
"914,""2"""
"915,""4"""
"916,""4"""
"917,""3"""
"918,""3"""
"919,""2"""
"920,""2"""
"921,""4"""
"922,""2"""
"923,""2"""
"924,""4"""
"925,""4"""
"926,""2"""
"927,""3"""
"928,""3"""
"929,""2"""
"930,""2"""
"931,""4"""
"932,""2"""
"933,""3"""
"934,""2"""
"935,""3"""
"936,""2"""
"937,""2"""
"938,""2"""
"939,""2"""
"940,""3"""
"941,""3"""
"942,""2"""
"943,""4"""
"944,""3"""
"945,""2"""
"946,""3"""
"947,""3"""
"948,""2"""
"949,""2"""
"950,""4"""
"951,""4"""
"952,""3"""
"953,""4"""
"954,""2"""
"955,""3"""
"956,""4"""
"957,""3"""
"958,""2"""
"959,""2"""
"960,""2"""
"961,""2"""
"962,""3"""
"963,""4"""
"964,""4"""
"965,""4"""
"966,""3"""
"967,""4"""
"968,""3"""
"969,""2"""
"970,""2"""
"971,""4"""
"972,""3"""
"973,""4"""
"974,""3"""
"975,""3"""
"976,""4"""
"977,""4"""
"978,""3"""
"979,""3"""
"980,""2"""
"981,""4"""
"982,""4"""
"983,""2"""
"984,""2"""
"985,""2"""
"986,""3"""
"987,""2"""
"988,""3"""
"989,""2"""
"990,""4"""
"991,""2"""
"992,""2"""
"993,""3"""
"994,""3"""
"995,""4"""
"996,""4"""
"997,""3"""
"998,""3"""
"999,""3"""
"1000,""2"""
"1001,""3"""
"1002,""3"""
"1003,""2"""
"1004,""3"""
"1005,""4"""
"1006,""4"""
"1007,""2"""
"1008,""3"""
"1009,""4"""
"1010,""3"""
"1011,""3"""
"1012,""3"""
"1013,""1"""
"1014,""2"""
"1015,""2"""
"1016,""4"""
"1017,""2"""
"1018,""2"""
"1019,""4"""
"1020,""3"""
"1021,""4"""
"1022,""2"""
"1023,""4"""
"1024,""3"""
"1025,""2"""
"1026,""2"""
"1027,""2"""
"1028,""3"""
"1029,""3"""
"1030,""2"""
"1031,""3"""
"1032,""3"""
"1033,""3"""
"1034,""4"""
"1035,""3"""
"1036,""3"""
"1037,""4"""
"1038,""4"""
"1039,""3"""
"1040,""4"""
"1041,""3"""
"1042,""4"""
"1043,""3"""
"1044,""3"""
"1045,""4"""
"1046,""4"""
"1047,""4"""
"1048,""2"""
"1049,""2"""
"1050,""4"""
"1051,""4"""
"1052,""4"""
"1053,""4"""
"1054,""4"""
"1055,""3"""
"1056,""2"""
"1057,""2"""
"1058,""2"""
"1059,""2"""
"1060,""4"""
"1061,""4"""
"1062,""2"""
"1063,""3"""
"1064,""3"""
"1065,""3"""
"1066,""4"""
"1067,""3"""
"1068,""3"""
"1069,""3"""
"1070,""3"""
"1071,""2"""
"1072,""3"""
"1073,""3"""
"1074,""4"""
"1075,""4"""
"1076,""4"""
"1077,""3"""
"1078,""2"""
"1079,""3"""
"1080,""2"""
"1081,""3"""
"1082,""4"""
"1083,""3"""
"1084,""4"""
"1085,""3"""
"1086,""3"""
"1087,""2"""
"1088,""2"""
"1089,""3"""
"1090,""3"""
"1091,""4"""
"1092,""4"""
"1093,""4"""
"1094,""3"""
"1095,""4"""
"1096,""3"""
"1097,""3"""
"1098,""3"""
"1099,""3"""
"1100,""4"""
"1101,""2"""
"1102,""4"""
"1103,""3"""
"1104,""3"""
"1105,""3"""
"1106,""3"""
"1107,""3"""
"1108,""3"""
"1109,""3"""
"1110,""2"""
"1111,""2"""
"1112,""1"""
"1113,""2"""
"1114,""2"""
"1115,""3"""
"1116,""2"""
"1117,""3"""
"1118,""2"""
"1119,""3"""
"1120,""3"""
"1121,""4"""
"1122,""4"""
"1123,""2"""
"1124,""2"""
"1125,""4"""
"1126,""2"""
"1127,""4"""
"1128,""2"""
"1129,""3"""
"1130,""3"""
"1131,""3"""
"1132,""2"""
"1133,""2"""
"1134,""2"""
"1135,""3"""
"1136,""2"""
"1137,""3"""
"1138,""3"""
"1139,""4"""
"1140,""3"""
"1141,""2"""
"1142,""4"""
"1143,""3"""
"1144,""3"""
"1145,""3"""
"1146,""2"""
"1147,""2"""
"1148,""4"""
"1149,""4"""
"1150,""3"""
"1151,""2"""
"1152,""3"""
"1153,""3"""
"1154,""3"""
"1155,""4"""
"1156,""3"""
"1157,""3"""
"1158,""3"""
"1159,""2"""
"1160,""2"""
"1161,""3"""
"1162,""3"""
"1163,""3"""
"1164,""3"""
"1165,""3"""
"1166,""3"""
"1167,""2"""
"1168,""2"""
"1169,""2"""
"1170,""4"""
"1171,""2"""
"1172,""3"""
"1173,""3"""
"1174,""3"""
"1175,""2"""
"1176,""3"""
"1177,""4"""
"1178,""3"""
"1179,""4"""
"1180,""2"""
"1181,""3"""
"1182,""2"""
"1183,""3"""
"1184,""3"""
"1185,""3"""
"1186,""2"""
"1187,""3"""
"1188,""3"""
"1189,""4"""
"1190,""3"""
"1191,""3"""
"1192,""3"""
"1193,""3"""
"1194,""3"""
"1195,""4"""
"1196,""3"""
"1197,""3"""
"1198,""3"""
"1199,""4"""
"1200,""4"""
"1201,""3"""
"1202,""4"""
"1203,""2"""
"1204,""3"""
"1205,""4"""
"1206,""4"""
"1207,""2"""
"1208,""3"""
"1209,""4"""
"1210,""4"""
"1211,""3"""
"1212,""3"""
"1213,""3"""
"1214,""3"""
"1215,""2"""
"1216,""2"""
"1217,""3"""
"1218,""3"""
"1219,""4"""
"1220,""4"""
"1221,""4"""
"1222,""3"""
"1223,""3"""
"1224,""4"""
"1225,""3"""
"1226,""3"""
"1227,""4"""
"1228,""3"""
"1229,""4"""
"1230,""3"""
"1231,""2"""
"1232,""4"""
"1233,""3"""
"1234,""4"""
"1235,""2"""
"1236,""3"""
"1237,""2"""
"1238,""3"""
"1239,""3"""
"1240,""4"""
"1241,""3"""
"1242,""4"""
"1243,""3"""
"1244,""3"""
"1245,""3"""
"1246,""3"""
"1247,""4"""
"1248,""3"""
"1249,""3"""
"1250,""3"""
"1251,""2"""
"1252,""1"""
"1253,""4"""
"1254,""2"""
"1255,""4"""
"1256,""3"""
"1257,""3"""
"1258,""3"""
"1259,""3"""
"1260,""3"""
"1261,""4"""
"1262,""4"""
"1263,""3"""
"1264,""4"""
"1265,""3"""
"1266,""3"""
"1267,""3"""
"1268,""3"""
"1269,""3"""
"1270,""4"""
"1271,""2"""
"1272,""2"""
"1273,""2"""
"1274,""4"""
"1275,""2"""
"1276,""3"""
"1277,""4"""
"1278,""4"""
"1279,""3"""
"1280,""3"""
"1281,""3"""
"1282,""2"""
"1283,""2"""
"1284,""3"""
"1285,""3"""
"1286,""3"""
"1287,""3"""
"1288,""3"""
"1289,""3"""
"1290,""4"""
"1291,""2"""
"1292,""4"""
"1293,""3"""
"1294,""3"""
"1295,""3"""
"1296,""4"""
"1297,""2"""
"1298,""4"""
"1299,""2"""
"1300,""2"""
"1301,""2"""
"1302,""3"""
"1303,""4"""
"1304,""3"""
"1305,""4"""
"1306,""4"""
"1307,""3"""
"1308,""3"""
"1309,""3"""
"1310,""3"""
"1311,""3"""
"1312,""4"""
"1313,""2"""
"1314,""3"""
"1315,""3"""
"1316,""2"""
"1317,""4"""
"1318,""3"""
"1319,""3"""
"1320,""3"""
"1321,""3"""
"1322,""4"""
"1323,""3"""
"1324,""3"""
"1325,""4"""
"1326,""3"""
"1327,""4"""
"1328,""4"""
"1329,""3"""
"1330,""4"""
"1331,""3"""
"1332,""2"""
"1333,""2"""
"1334,""3"""
"1335,""3"""
"1336,""3"""
"1337,""3"""
"1338,""4"""
"1339,""3"""
"1340,""4"""
"1341,""3"""
"1342,""4"""
"1343,""2"""
"1344,""2"""
"1345,""3"""
"1346,""3"""
"1347,""3"""
"1348,""3"""
"1349,""3"""
"1350,""1"""
"1351,""2"""
"1352,""4"""
"1353,""4"""
"1354,""4"""
"1355,""4"""
"1356,""3"""
"1357,""4"""
"1358,""3"""
"1359,""3"""
"1360,""4"""
"1361,""3"""
"1362,""3"""
"1363,""3"""
"1364,""3"""
"1365,""2"""
"1366,""2"""
"1367,""2"""
"1368,""4"""
"1369,""3"""
"1370,""2"""
"1371,""2"""
"1372,""2"""
"1373,""3"""
"1374,""4"""
"1375,""3"""
"1376,""2"""
"1377,""4"""
"1378,""3"""
"1379,""3"""
"1380,""3"""
"1381,""2"""
"1382,""3"""
"1383,""4"""
"1384,""3"""
"1385,""3"""
"1386,""2"""
"1387,""3"""
"1388,""4"""
"1389,""3"""
"1390,""3"""
"1391,""3"""
"1392,""4"""
"1393,""3"""
"1394,""3"""
"1395,""3"""
"1396,""3"""
"1397,""3"""
"1398,""2"""
"1399,""2"""
"1400,""3"""
"1401,""2"""
"1402,""4"""
"1403,""2"""
"1404,""2"""
"1405,""4"""
"1406,""3"""
"1407,""4"""
"1408,""3"""
"1409,""3"""
"1410,""2"""
"1411,""2"""
"1412,""2"""
"1413,""2"""
"1414,""2"""
"1415,""3"""
"1416,""3"""
"1417,""3"""
"1418,""3"""
"1419,""3"""
"1420,""4"""
"1421,""3"""
"1422,""3"""
"1423,""2"""
"1424,""2"""
"1425,""4"""
"1426,""3"""
"1427,""3"""
"1428,""4"""
"1429,""3"""
"1430,""2"""
"1431,""2"""
"1432,""3"""
"1433,""3"""
"1434,""3"""
"1435,""3"""
"1436,""3"""
"1437,""4"""
"1438,""2"""
"1439,""2"""
"1440,""4"""
"1441,""4"""
"1442,""3"""
"1443,""3"""
"1444,""3"""
"1445,""4"""
"1446,""2"""
"1447,""2"""
"1448,""4"""
"1449,""3"""
"1450,""3"""
"1451,""3"""
"1452,""3"""
"1453,""4"""
"1454,""3"""
"1455,""3"""
"1456,""2"""
"1457,""3"""
"1458,""3"""
"1459,""2"""
"1460,""2"""
"1461,""2"""
"1462,""2"""
"1463,""2"""
"1464,""4"""
"1465,""3"""
"1466,""2"""
"1467,""4"""
"1468,""4"""
"1469,""2"""
"1470,""2"""
"1471,""3"""
"1472,""3"""
"1473,""4"""
"1474,""4"""
"1475,""3"""
"1476,""2"""
"1477,""3"""
"1478,""3"""
"1479,""3"""
"1480,""2"""
"1481,""4"""
"1482,""3"""
"1483,""3"""
"1484,""2"""
"1485,""2"""
"1486,""2"""
"1487,""4"""
"1488,""3"""
"1489,""4"""
"1490,""2"""
"1491,""3"""
"1492,""4"""
"1493,""2"""
"1494,""2"""
"1495,""2"""
"1496,""3"""
"1497,""2"""
"1498,""4"""
"1499,""4"""
"1500,""4"""
"1501,""3"""
"1502,""2"""
"1503,""2"""
"1504,""3"""
"1505,""3"""
"1506,""3"""
"1507,""3"""
"1508,""4"""
"1509,""3"""
"1510,""3"""
"1511,""4"""
"1512,""4"""
"1513,""4"""
"1514,""3"""
"1515,""3"""
"1516,""2"""
"1517,""4"""
"1518,""4"""
"1519,""3"""
"1520,""4"""
"1521,""4"""
"1522,""4"""
"1523,""3"""
"1524,""3"""
"1525,""2"""
"1526,""3"""
"1527,""2"""
"1528,""3"""
"1529,""4"""
"1530,""4"""
"1531,""2"""
"1532,""3"""
"1533,""3"""
"1534,""3"""
"1535,""2"""
"1536,""2"""
"1537,""3"""
"1538,""2"""
"1539,""3"""
"1540,""2"""
"1541,""2"""
"1542,""2"""
"1543,""4"""
"1544,""3"""
"1545,""4"""
"1546,""3"""
"1547,""4"""
"1548,""4"""
"1549,""4"""
"1550,""4"""
"1551,""3"""
"1552,""3"""
"1553,""2"""
"1554,""3"""
"1555,""4"""
"1556,""3"""
"1557,""3"""
"1558,""3"""
"1559,""3"""
"1560,""4"""
"1561,""3"""
"1562,""3"""
"1563,""3"""
"1564,""4"""
"1565,""3"""
"1566,""2"""
"1567,""2"""
"1568,""2"""
"1569,""2"""
"1570,""2"""
"1571,""3"""
"1572,""4"""
"1573,""4"""
"1574,""4"""
"1575,""4"""
"1576,""3"""
"1577,""3"""
"1578,""2"""
"1579,""4"""
"1580,""3"""
"1581,""4"""
"1582,""3"""
"1583,""4"""
"1584,""3"""
"1585,""3"""
"1586,""4"""
"1587,""2"""
"1588,""3"""
"1589,""3"""
"1590,""2"""
"1591,""2"""
"1592,""4"""
"1593,""4"""
"1594,""4"""
"1595,""2"""
"1596,""2"""
"1597,""4"""
"1598,""4"""
"1599,""2"""
"1600,""4"""
"1601,""3"""
"1602,""2"""
"1603,""4"""
"1604,""4"""
"1605,""2"""
"1606,""4"""
"1607,""4"""
"1608,""2"""
"1609,""3"""
"1610,""2"""
"1611,""3"""
"1612,""3"""
"1613,""4"""
"1614,""3"""
"1615,""3"""
"1616,""4"""
"1617,""4"""
"1618,""2"""
"1619,""2"""
"1620,""2"""
"1621,""2"""
"1622,""4"""
"1623,""4"""
"1624,""4"""
"1625,""3"""
"1626,""3"""
"1627,""3"""
"1628,""3"""
"1629,""3"""
"1630,""3"""
"1631,""2"""
"1632,""2"""
"1633,""3"""
"1634,""4"""
"1635,""4"""
"1636,""2"""
"1637,""4"""
"1638,""4"""
"1639,""4"""
"1640,""4"""
"1641,""4"""
"1642,""3"""
"1643,""2"""
"1644,""4"""
"1645,""2"""
"1646,""4"""
"1647,""4"""
"1648,""4"""
"1649,""2"""
"1650,""2"""
"1651,""2"""
"1652,""2"""
"1653,""3"""
"1654,""3"""
"1655,""4"""
"1656,""4"""
"1657,""4"""
"1658,""3"""
"1659,""2"""
"1660,""2"""
"1661,""2"""
"1662,""4"""
"1663,""4"""
"1664,""4"""
"1665,""3"""
"1666,""2"""
"1667,""3"""
"1668,""2"""
"1669,""2"""
"1670,""2"""
"1671,""4"""
"1672,""2"""
"1673,""2"""
"1674,""2"""
"1675,""4"""
"1676,""3"""
"1677,""2"""
"1678,""3"""
"1679,""2"""
"1680,""3"""
"1681,""2"""
"1682,""2"""
"1683,""4"""
"1684,""4"""
"1685,""4"""
"1686,""3"""
"1687,""3"""
"1688,""2"""
"1689,""4"""
"1690,""3"""
"1691,""4"""
"1692,""3"""
"1693,""2"""
"1694,""2"""
"1695,""2"""
"1696,""3"""
"1697,""2"""
"1698,""4"""
"1699,""4"""
"1700,""3"""
"1701,""3"""
"1702,""2"""
"1703,""2"""
"1704,""4"""
"1705,""2"""
"1706,""2"""
"1707,""2"""
"1708,""2"""
"1709,""2"""
"1710,""3"""
"1711,""4"""
"1712,""3"""
"1713,""2"""
"1714,""2"""
"1715,""2"""
"1716,""4"""
"1717,""2"""
"1718,""2"""
"1719,""2"""
"1720,""2"""
"1721,""2"""
"1722,""2"""
"1723,""3"""
"1724,""4"""
"1725,""2"""
"1726,""4"""
"1727,""3"""
"1728,""2"""
"1729,""2"""
"1730,""4"""
"1731,""2"""
"1732,""4"""
"1733,""3"""
"1734,""4"""
"1735,""2"""
"1736,""2"""
"1737,""4"""
"1738,""2"""
"1739,""2"""
"1740,""2"""
"1741,""2"""
"1742,""2"""
"1743,""3"""
"1744,""4"""
"1745,""2"""
"1746,""3"""
"1747,""3"""
"1748,""4"""
"1749,""4"""
"1750,""2"""
"1751,""2"""
"1752,""4"""
"1753,""4"""
"1754,""2"""
"1755,""3"""
"1756,""2"""
"1757,""2"""
"1758,""4"""
"1759,""2"""
"1760,""3"""
"1761,""2"""
"1762,""3"""
"1763,""2"""
"1764,""4"""
"1765,""2"""
"1766,""4"""
"1767,""3"""
"1768,""2"""
"1769,""3"""
"1770,""2"""
"1771,""2"""
"1772,""4"""
"1773,""3"""
"1774,""4"""
"1775,""2"""
"1776,""4"""
"1777,""2"""
"1778,""2"""
"1779,""4"""
"1780,""3"""
"1781,""2"""
"1782,""3"""
"1783,""3"""
"1784,""2"""
"1785,""2"""
"1786,""2"""
"1787,""3"""
"1788,""4"""
"1789,""4"""
"1790,""4"""
"1791,""2"""
"1792,""2"""
"1793,""4"""
"1794,""2"""
"1795,""3"""
"1796,""2"""
"1797,""4"""
"1798,""2"""
"1799,""2"""
"1800,""2"""
"1801,""3"""
"1802,""4"""
"1803,""2"""
"1804,""4"""
"1805,""2"""
"1806,""4"""
"1807,""2"""
"1808,""4"""
"1809,""4"""
"1810,""4"""
"1811,""4"""
"1812,""2"""
"1813,""2"""
"1814,""2"""
"1815,""4"""
"1816,""2"""
"1817,""2"""
"1818,""4"""
"1819,""2"""
"1820,""2"""
"1821,""2"""
"1822,""3"""
"1823,""2"""
"1824,""4"""
"1825,""4"""
"1826,""2"""
"1827,""3"""
"1828,""2"""
"1829,""2"""
"1830,""4"""
"1831,""2"""
"1832,""4"""
"1833,""2"""
"1834,""2"""
"1835,""3"""
"1836,""4"""
"1837,""4"""
"1838,""3"""
"1839,""3"""
"1840,""4"""
"1841,""2"""
"1842,""2"""
"1843,""2"""
"1844,""2"""
"1845,""2"""
"1846,""4"""
"1847,""2"""
"1848,""3"""
"1849,""4"""
"1850,""2"""
"1851,""2"""
"1852,""4"""
"1853,""2"""
"1854,""3"""
"1855,""3"""
"1856,""4"""
"1857,""3"""
"1858,""3"""
"1859,""2"""
"1860,""3"""
"1861,""3"""
"1862,""3"""
"1863,""4"""
"1864,""2"""
"1865,""4"""
"1866,""2"""
"1867,""2"""
"1868,""4"""
"1869,""4"""
"1870,""3"""
"1871,""4"""
"1872,""4"""
"1873,""3"""
"1874,""3"""
"1875,""3"""
"1876,""3"""
"1877,""4"""
"1878,""4"""
"1879,""3"""
"1880,""4"""
"1881,""3"""
"1882,""3"""
"1883,""3"""
"1884,""2"""
"1885,""3"""
"1886,""3"""
"1887,""2"""
"1888,""3"""
"1889,""3"""
"1890,""2"""
"1891,""4"""
"1892,""3"""
"1893,""2"""
"1894,""4"""
"1895,""2"""
"1896,""2"""
"1897,""2"""
"1898,""3"""
"1899,""4"""
"1900,""3"""
"1901,""4"""
"1902,""3"""
"1903,""3"""
"1904,""2"""
"1905,""4"""
"1906,""2"""
"1907,""4"""
"1908,""4"""
"1909,""3"""
"1910,""2"""
"1911,""3"""
"1912,""4"""
"1913,""3"""
"1914,""4"""
"1915,""3"""
"1916,""3"""
"1917,""2"""
"1918,""3"""
"1919,""2"""
"1920,""3"""
"1921,""4"""
"1922,""3"""
"1923,""3"""
"1924,""2"""
"1925,""4"""
"1926,""4"""
"1927,""3"""
"1928,""4"""
"1929,""4"""
"1930,""4"""
"1931,""3"""
"1932,""3"""
"1933,""4"""
"1934,""2"""
"1935,""4"""
"1936,""4"""
"1937,""4"""
"1938,""3"""
"1939,""3"""
"1940,""3"""
"1941,""4"""
"1942,""4"""
"1943,""4"""
"1944,""4"""
"1945,""4"""
"1946,""4"""
"1947,""2"""
"1948,""4"""
"1949,""2"""
"1950,""2"""
"1951,""2"""
"1952,""3"""
"1953,""4"""
"1954,""3"""
"1955,""4"""
"1956,""2"""
"1957,""3"""
"1958,""2"""
"1959,""2"""
"1960,""2"""
"1961,""2"""
"1962,""2"""
"1963,""2"""
"1964,""3"""
"1965,""2"""
"1966,""3"""
"1967,""3"""
"1968,""2"""
"1969,""2"""
"1970,""4"""
"1971,""2"""
"1972,""3"""
"1973,""2"""
"1974,""3"""
"1975,""2"""
"1976,""4"""
"1977,""2"""
"1978,""3"""
"1979,""2"""
"1980,""3"""
"1981,""4"""
"1982,""3"""
"1983,""2"""
"1984,""2"""
"1985,""2"""
"1986,""2"""
"1987,""3"""
"1988,""2"""
"1989,""2"""
"1990,""2"""
"1991,""4"""
"1992,""4"""
"1993,""3"""
"1994,""3"""
"1995,""2"""
"1996,""3"""
"1997,""2"""
"1998,""4"""
"1999,""3"""
"2000,""2"""
"2001,""3"""
"2002,""2"""
"2003,""2"""
"2004,""4"""
"2005,""3"""
"2006,""3"""
"2007,""4"""
"2008,""4"""
"2009,""3"""
"2010,""2"""
"2011,""4"""
"2012,""3"""
"2013,""3"""
"2014,""2"""
"2015,""2"""
"2016,""4"""
"2017,""2"""
"2018,""3"""
"2019,""2"""
"2020,""3"""
"2021,""2"""
"2022,""3"""
"2023,""4"""
"2024,""3"""
"2025,""4"""
"2026,""3"""
"2027,""2"""
"2028,""4"""
"2029,""3"""
"2030,""4"""
"2031,""3"""
"2032,""4"""
"2033,""2"""
"2034,""2"""
"2035,""2"""
"2036,""3"""
"2037,""3"""
"2038,""3"""
"2039,""3"""
"2040,""2"""
"2041,""2"""
"2042,""3"""
"2043,""3"""
"2044,""4"""
"2045,""3"""
"2046,""3"""
"2047,""4"""
"2048,""2"""
"2049,""3"""
"2050,""4"""
"2051,""2"""
"2052,""3"""
"2053,""3"""
"2054,""4"""
"2055,""2"""
"2056,""3"""
"2057,""2"""
"2058,""3"""
"2059,""2"""
"2060,""2"""
"2061,""4"""
"2062,""3"""
"2063,""4"""
"2064,""3"""
"2065,""4"""
"2066,""3"""
"2067,""3"""
"2068,""2"""
"2069,""3"""
"2070,""3"""
"2071,""2"""
"2072,""4"""
"2073,""3"""
"2074,""4"""
"2075,""3"""
"2076,""4"""
"2077,""3"""
"2078,""3"""
"2079,""3"""
"2080,""4"""
"2081,""2"""
"2082,""4"""
"2083,""3"""
"2084,""3"""
"2085,""3"""
"2086,""4"""
"2087,""2"""
"2088,""4"""
"2089,""2"""
"2090,""3"""
"2091,""3"""
"2092,""4"""
"2093,""3"""
"2094,""3"""
"2095,""2"""
"2096,""4"""
"2097,""2"""
"2098,""3"""
"2099,""2"""
"2100,""2"""
"2101,""3"""
"2102,""3"""
"2103,""2"""
"2104,""4"""
"2105,""4"""
"2106,""3"""
"2107,""4"""
"2108,""2"""
"2109,""2"""
"2110,""3"""
"2111,""2"""
"2112,""2"""
"2113,""4"""
"2114,""3"""
"2115,""3"""
"2116,""4"""
"2117,""3"""
"2118,""2"""
"2119,""2"""
"2120,""2"""
"2121,""3"""
"2122,""3"""
"2123,""4"""
"2124,""3"""
"2125,""3"""
"2126,""3"""
"2127,""4"""
"2128,""3"""
"2129,""2"""
"2130,""3"""
"2131,""2"""
"2132,""3"""
"2133,""2"""
"2134,""4"""
"2135,""3"""
"2136,""3"""
"2137,""3"""
"2138,""4"""
"2139,""4"""
"2140,""3"""
"2141,""2"""
"2142,""4"""
"2143,""2"""
"2144,""2"""
"2145,""4"""
"2146,""3"""
"2147,""3"""
"2148,""2"""
"2149,""3"""
"2150,""4"""
"2151,""2"""
"2152,""4"""
"2153,""4"""
"2154,""3"""
"2155,""3"""
"2156,""2"""
"2157,""3"""
"2158,""3"""
"2159,""2"""
"2160,""3"""
"2161,""3"""
"2162,""2"""
"2163,""3"""
"2164,""3"""
"2165,""3"""
"2166,""3"""
"2167,""2"""
"2168,""3"""
"2169,""3"""
"2170,""4"""
"2171,""4"""
"2172,""2"""
"2173,""4"""
"2174,""2"""
"2175,""2"""
"2176,""2"""
"2177,""2"""
"2178,""3"""
"2179,""3"""
"2180,""2"""
"2181,""4"""
"2182,""4"""
"2183,""3"""
"2184,""2"""
"2185,""4"""
"2186,""3"""
"2187,""2"""
"2188,""2"""
"2189,""2"""
"2190,""3"""
"2191,""2"""
"2192,""2"""
"2193,""2"""
"2194,""3"""
"2195,""3"""
"2196,""4"""
"2197,""3"""
"2198,""4"""
"2199,""2"""
"2200,""2"""
"2201,""2"""
"2202,""2"""
"2203,""2"""
"2204,""4"""
"2205,""3"""
"2206,""3"""
"2207,""2"""
"2208,""4"""
"2209,""3"""
"2210,""2"""
"2211,""4"""
"2212,""3"""
"2213,""2"""
"2214,""3"""
"2215,""3"""
"2216,""2"""
"2217,""4"""
"2218,""3"""
"2219,""4"""
"2220,""3"""
"2221,""3"""
"2222,""2"""
"2223,""2"""
"2224,""4"""
"2225,""4"""
"2226,""4"""
"2227,""3"""
"2228,""4"""
"2229,""4"""
"2230,""4"""
"2231,""4"""
"2232,""3"""
"2233,""4"""
"2234,""2"""
"2235,""3"""
"2236,""3"""
"2237,""3"""
"2238,""2"""
"2239,""3"""
"2240,""4"""
"2241,""3"""
"2242,""2"""
"2243,""4"""
"2244,""3"""
"2245,""4"""
"2246,""3"""
"2247,""3"""
"2248,""3"""
"2249,""3"""
"2250,""2"""
"2251,""3"""
"2252,""4"""
"2253,""4"""
"2254,""3"""
"2255,""4"""
"2256,""3"""
"2257,""4"""
"2258,""4"""
"2259,""3"""
"2260,""3"""
"2261,""2"""
"2262,""2"""
"2263,""3"""
"2264,""4"""
"2265,""3"""
"2266,""4"""
"2267,""3"""
"2268,""3"""
"2269,""4"""
"2270,""3"""
"2271,""4"""
"2272,""4"""
"2273,""4"""
"2274,""4"""
"2275,""2"""
"2276,""4"""
"2277,""2"""
"2278,""4"""
"2279,""4"""
"2280,""4"""
"2281,""2"""
"2282,""3"""
"2283,""3"""
"2284,""4"""
"2285,""4"""
"2286,""3"""
"2287,""3"""
"2288,""2"""
"2289,""3"""
"2290,""3"""
"2291,""2"""
"2292,""4"""
"2293,""3"""
"2294,""2"""
"2295,""2"""
"2296,""2"""
"2297,""3"""
"2298,""4"""
"2299,""3"""
"2300,""4"""
"2301,""3"""
"2302,""3"""
"2303,""3"""
"2304,""2"""
"2305,""3"""
"2306,""4"""
"2307,""4"""
"2308,""3"""
"2309,""2"""
"2310,""4"""
"2311,""2"""
"2312,""3"""
"2313,""2"""
"2314,""3"""
"2315,""4"""
"2316,""3"""
"2317,""3"""
"2318,""1"""
"2319,""4"""
"2320,""2"""
"2321,""4"""
"2322,""4"""
"2323,""2"""
"2324,""2"""
"2325,""4"""
"2326,""3"""